{
  "monitor": "val_acc",
  "val_best": 0.88425,
  "test_acc": 0.88425,
  "test_loss": 0.3553142004013062
}