{
  "monitor": "val_acc",
  "val_best": 0.768875,
  "test_acc": 0.768875,
  "test_loss": 0.7423010311126709
}